Layer Name,Average Area
Layer 1,216.3519388033237
Layer 2,339.2709220700017
Layer 3,327.8370896170874
